{
"lengthUnit": "mil",
"components": {
	"fields": ["COMPONENT_NO", "COMPONENT_NAME", "LAYER", "X_COORDINATE", "Y_COORDINATE", "ANGLE"],
	"rows": [
		[1, "Battery2", "B", 6787.89, 3383.24, 90],
		[2, "Charger2", "B", 6787.89, 3567.51, 90],
		[3, "H1", "T", 6998.45, 3381.94, 180],
		[4, "SCREW1", "T", 6998.12, 3599.8, 270],
		[5, "SCREW2", "T", 6998.12, 3166.72, 270],
		[6, "Switch1", "B", 6787.89, 3197.51, 90]
	]
},
"pins": {
	"fields": ["PIN_NO", "PIN_NAME", "PIN_X", "PIN_Y", "LAYER", "PIN_TYPE", "NET_NAME", "NET_TYPE", "PAD_SHAPE", "PAD_SIZEX", "PAD_SIZEY", "HOLE_SIZE", "PAD_ANGLE"],
	"rows": [
		[1, "Battery2_1", 6787.89, 3358.64, "T", "DIP", "$1N15244", "", "R", 39.37, 39.37, 23.62, 90],
		[2, "Battery2_1", 6787.89, 3358.64, "B", "DIP", "$1N15244", "", "R", 39.37, 39.37, 23.62, 90],
		[3, "Battery2_2", 6787.89, 3407.85, "T", "DIP", "GND", "GND", "C", 39.37, 39.37, 23.62, 90],
		[4, "Battery2_2", 6787.89, 3407.85, "B", "DIP", "GND", "GND", "C", 39.37, 39.37, 23.62, 90],
		[5, "Charger2_1", 6787.89, 3542.91, "T", "DIP", "$1N15244", "", "R", 39.37, 39.37, 23.62, 90],
		[6, "Charger2_1", 6787.89, 3542.91, "B", "DIP", "$1N15244", "", "R", 39.37, 39.37, 23.62, 90],
		[7, "Charger2_2", 6787.89, 3592.12, "T", "DIP", "GND", "GND", "C", 39.37, 39.37, 23.62, 90],
		[8, "Charger2_2", 6787.89, 3592.12, "B", "DIP", "GND", "GND", "C", 39.37, 39.37, 23.62, 90],
		[9, "H1_1", 7073.45, 3452.81, "T", "SMD", "H1_1", "", "R", 86.61, 29.13, 0, 270],
		[10, "H1_2", 7073.45, 3311.07, "T", "SMD", "VCC", "", "R", 86.61, 29.13, 0, 270],
		[11, "H1_3", 7023.45, 3452.81, "T", "SMD", "H1_3", "", "R", 86.61, 29.13, 0, 270],
		[12, "H1_4", 7023.45, 3311.07, "T", "SMD", "H1_4", "", "R", 86.61, 29.13, 0, 270],
		[13, "H1_5", 6973.45, 3452.81, "T", "SMD", "H1_5", "", "R", 86.61, 29.13, 0, 270],
		[14, "H1_6", 6973.45, 3311.07, "T", "SMD", "H1_6", "", "R", 86.61, 29.13, 0, 270],
		[15, "H1_7", 6923.45, 3452.81, "T", "SMD", "GND", "GND", "R", 86.61, 29.13, 0, 270],
		[16, "H1_8", 6923.45, 3311.07, "T", "SMD", "H1_8", "", "R", 86.61, 29.13, 0, 270],
		[17, "SCREW1_1", 6998.12, 3599.8, "T", "DIP", "SCREW1_1", "", "C", 78.74, 78.74, 78.74, 270],
		[18, "SCREW1_1", 6998.12, 3599.8, "B", "DIP", "SCREW1_1", "", "C", 78.74, 78.74, 78.74, 270],
		[19, "SCREW2_1", 6998.12, 3166.72, "T", "DIP", "SCREW2_1", "", "C", 78.74, 78.74, 78.74, 270],
		[20, "SCREW2_1", 6998.12, 3166.72, "B", "DIP", "SCREW2_1", "", "C", 78.74, 78.74, 78.74, 270],
		[21, "Switch1_1", 6787.89, 3172.91, "T", "DIP", "VCC", "", "R", 39.37, 39.37, 23.62, 90],
		[22, "Switch1_1", 6787.89, 3172.91, "B", "DIP", "VCC", "", "R", 39.37, 39.37, 23.62, 90],
		[23, "Switch1_2", 6787.89, 3222.12, "T", "DIP", "$1N15244", "", "C", 39.37, 39.37, 23.62, 90],
		[24, "Switch1_2", 6787.89, 3222.12, "B", "DIP", "$1N15244", "", "C", 39.37, 39.37, 23.62, 90]
	]
}
}