{
"lengthUnit": "mil",
"components": {
	"fields": ["COMPONENT_NO", "COMPONENT_NAME", "LAYER", "X_COORDINATE", "Y_COORDINATE", "ANGLE"],
	"rows": [
		[1, "C29", "B", -434.56, -160, 0],
		[2, "CN1", "T", -784.17, -452.76, 120],
		[3, "H1", "B", 0, -708.66, 270],
		[4, "LED1", "T", 590.55, 0, 90],
		[5, "LED2", "T", 295.28, -511.42, 0],
		[6, "LED3", "T", -295.28, -511.42, 0],
		[7, "LED4", "T", -590.55, 0, 270],
		[8, "LED5", "T", -295.28, 511.42, 180],
		[9, "LED6", "T", 295.28, 511.42, 180],
		[10, "R1", "B", -432.37, -80, 0],
		[11, "R2", "B", -432.37, 0, 180],
		[12, "SCREW1", "T", 0, -78.74, 270],
		[13, "SCREW2", "T", -511.42, -295.28, 0],
		[14, "SCREW3", "T", 511.42, -295.28, 0],
		[15, "SW1", "T", 1023.62, 0, 90],
		[16, "SW2", "T", -1023.62, 0, 90],
		[17, "U2", "B", 0, 540, 180],
		[18, "PAD1", "T", -788.23, -540.04, 0],
		[19, "PAD2", "T", -763.62, -582.64, 0],
		[20, "PAD3", "T", -812.83, -497.44, 0],
		[21, "PAD4", "T", -837.44, -454.84, 0],
		[22, "PAD5", "T", -862.05, -412.24, 0],
		[23, "PAD6", "T", -886.65, -369.65, 0]
	]
},
"pins": {
	"fields": ["PIN_NO", "PIN_NAME", "PIN_X", "PIN_Y", "LAYER", "PIN_TYPE", "NET_NAME", "NET_TYPE", "PAD_SHAPE", "PAD_SIZEX", "PAD_SIZEY", "HOLE_SIZE", "PAD_ANGLE"],
	"rows": [
		[1, "C29_1", -462.12, -160, "B", "SMD", "GND", "GND", "R", 31.5, 35.43, 0, 0],
		[2, "C29_2", -407, -160, "B", "SMD", "$2N3084", "", "R", 31.5, 35.43, 0, 0],
		[3, "CN1_1", -722.66, -559.3, "T", "DIP", "$2N2505", "", "R", 39.37, 39.37, 23.62, 120],
		[4, "CN1_1", -722.66, -559.3, "B", "DIP", "$2N2505", "", "R", 39.37, 39.37, 23.62, 120],
		[5, "CN1_2", -747.26, -516.69, "T", "DIP", "GND", "GND", "C", 39.37, 39.37, 23.62, 120],
		[6, "CN1_2", -747.26, -516.69, "B", "DIP", "GND", "GND", "C", 39.37, 39.37, 23.62, 120],
		[7, "CN1_3", -771.87, -474.06, "T", "DIP", "$2N2124", "", "C", 39.37, 39.37, 23.62, 120],
		[8, "CN1_3", -771.87, -474.06, "B", "DIP", "$2N2124", "", "C", 39.37, 39.37, 23.62, 120],
		[9, "CN1_4", -796.48, -431.44, "T", "DIP", "$2N2150", "", "C", 39.37, 39.37, 23.62, 120],
		[10, "CN1_4", -796.48, -431.44, "B", "DIP", "$2N2150", "", "C", 39.37, 39.37, 23.62, 120],
		[11, "CN1_5", -821.08, -388.83, "T", "DIP", "$2N2511", "", "C", 39.37, 39.37, 23.62, 120],
		[12, "CN1_5", -821.08, -388.83, "B", "DIP", "$2N2511", "", "C", 39.37, 39.37, 23.62, 120],
		[13, "CN1_6", -845.69, -346.21, "T", "DIP", "$2N2545", "", "C", 39.37, 39.37, 23.62, 120],
		[14, "CN1_6", -845.69, -346.21, "B", "DIP", "$2N2545", "", "C", 39.37, 39.37, 23.62, 120],
		[15, "H1_1", 76.77, -633.66, "B", "SMD", "VCC", "", "R", 29.13, 94.49, 0, 270],
		[16, "H1_2", -76.77, -633.66, "B", "SMD", "H1_2", "", "R", 29.13, 94.49, 0, 270],
		[17, "H1_3", 76.77, -683.66, "B", "SMD", "H1_3", "", "R", 29.13, 94.49, 0, 270],
		[18, "H1_4", -76.77, -683.66, "B", "SMD", "H1_4", "", "R", 29.13, 94.49, 0, 270],
		[19, "H1_5", 76.77, -733.66, "B", "SMD", "H1_5", "", "R", 29.13, 94.49, 0, 270],
		[20, "H1_6", -76.77, -733.66, "B", "SMD", "H1_6", "", "R", 29.13, 94.49, 0, 270],
		[21, "H1_7", 76.77, -783.66, "B", "SMD", "H1_7", "", "R", 29.13, 94.49, 0, 270],
		[22, "H1_8", -76.77, -783.66, "B", "SMD", "GND", "GND", "R", 29.13, 94.49, 0, 270],
		[23, "LED1_1", 568.9, -36.02, "T", "SMD", "$2N8770", "", "R", 35.43, 27.56, 0, 90],
		[24, "LED1_2", 612.21, -36.02, "T", "SMD", "GND", "GND", "R", 35.43, 27.56, 0, 90],
		[25, "LED1_3", 612.21, 36.02, "T", "SMD", "$2N8804", "", "R", 35.43, 27.56, 0, 90],
		[26, "LED1_4", 568.9, 36.02, "T", "SMD", "VCC", "", "R", 35.43, 27.56, 0, 90],
		[27, "LED2_1", 259.25, -489.76, "T", "SMD", "$2N8776", "", "R", 35.43, 27.56, 0, 0],
		[28, "LED2_2", 259.25, -533.07, "T", "SMD", "GND", "GND", "R", 35.43, 27.56, 0, 0],
		[29, "LED2_3", 331.3, -533.07, "T", "SMD", "$2N8770", "", "R", 35.43, 27.56, 0, 0],
		[30, "LED2_4", 331.3, -489.76, "T", "SMD", "VCC", "", "R", 35.43, 27.56, 0, 0],
		[31, "LED3_1", -331.3, -489.76, "T", "SMD", "$2N8782", "", "R", 35.43, 27.56, 0, 0],
		[32, "LED3_2", -331.3, -533.07, "T", "SMD", "GND", "GND", "R", 35.43, 27.56, 0, 0],
		[33, "LED3_3", -259.25, -533.07, "T", "SMD", "$2N8776", "", "R", 35.43, 27.56, 0, 0],
		[34, "LED3_4", -259.25, -489.76, "T", "SMD", "VCC", "", "R", 35.43, 27.56, 0, 0],
		[35, "LED4_1", -568.9, 36.02, "T", "SMD", "$2N8788", "", "R", 35.43, 27.56, 0, 270],
		[36, "LED4_2", -612.21, 36.02, "T", "SMD", "GND", "GND", "R", 35.43, 27.56, 0, 270],
		[37, "LED4_3", -612.21, -36.02, "T", "SMD", "$2N8782", "", "R", 35.43, 27.56, 0, 270],
		[38, "LED4_4", -568.9, -36.02, "T", "SMD", "VCC", "", "R", 35.43, 27.56, 0, 270],
		[39, "LED5_1", -259.25, 489.76, "T", "SMD", "$2N8794", "", "R", 35.43, 27.56, 0, 180],
		[40, "LED5_2", -259.25, 533.07, "T", "SMD", "GND", "GND", "R", 35.43, 27.56, 0, 180],
		[41, "LED5_3", -331.3, 533.07, "T", "SMD", "$2N8788", "", "R", 35.43, 27.56, 0, 180],
		[42, "LED5_4", -331.3, 489.76, "T", "SMD", "VCC", "", "R", 35.43, 27.56, 0, 180],
		[43, "LED6_1", 331.3, 489.76, "T", "SMD", "LED6_1", "", "R", 35.43, 27.56, 0, 180],
		[44, "LED6_2", 331.3, 533.07, "T", "SMD", "GND", "GND", "R", 35.43, 27.56, 0, 180],
		[45, "LED6_3", 259.25, 533.07, "T", "SMD", "$2N8794", "", "R", 35.43, 27.56, 0, 180],
		[46, "LED6_4", 259.25, 489.76, "T", "SMD", "VCC", "", "R", 35.43, 27.56, 0, 180],
		[47, "R1_1", -462.03, -80, "B", "SMD", "GND", "GND", "R", 31.75, 34.02, 0, 0],
		[48, "R1_2", -402.71, -80, "B", "SMD", "$2N3084", "", "R", 31.75, 34.02, 0, 0],
		[49, "R2_1", -402.71, 0, "B", "SMD", "$2N3084", "", "R", 31.75, 34.02, 0, 180],
		[50, "R2_2", -462.03, 0, "B", "SMD", "VCC", "", "R", 31.75, 34.02, 0, 180],
		[51, "SCREW1_1", 0, -78.74, "T", "DIP", "SCREW1_1", "", "C", 78.74, 78.74, 78.74, 270],
		[52, "SCREW1_1", 0, -78.74, "B", "DIP", "SCREW1_1", "", "C", 78.74, 78.74, 78.74, 270],
		[53, "SCREW2_1", -511.42, -295.28, "T", "DIP", "SCREW2_1", "", "C", 78.74, 78.74, 78.74, 0],
		[54, "SCREW2_1", -511.42, -295.28, "B", "DIP", "SCREW2_1", "", "C", 78.74, 78.74, 78.74, 0],
		[55, "SCREW3_1", 511.42, -295.28, "T", "DIP", "SCREW3_1", "", "C", 78.74, 78.74, 78.74, 0],
		[56, "SCREW3_1", 511.42, -295.28, "B", "DIP", "SCREW3_1", "", "C", 78.74, 78.74, 78.74, 0],
		[57, "SW1_1", 1023.62, -66.93, "T", "SMD", "$2N2479", "", "R", 31.5, 66.93, 0, 90],
		[58, "SW1_2", 1023.62, 66.93, "T", "SMD", "GND", "GND", "R", 31.5, 66.93, 0, 90],
		[59, "SW2_1", -1023.62, -66.93, "T", "SMD", "$2N2473", "", "R", 31.5, 66.93, 0, 90],
		[60, "SW2_2", -1023.62, 66.93, "T", "SMD", "GND", "GND", "R", 31.5, 66.93, 0, 90],
		[61, "U2_1", 354.33, 890, "B", "SMD", "$2N2545", "", "R", 118.11, 65, 0, 180],
		[62, "U2_2", 354.33, 790, "B", "SMD", "$2N2473", "", "R", 118.11, 65, 0, 180],
		[63, "U2_3", 354.33, 690, "B", "SMD", "$2N2479", "", "R", 118.11, 65, 0, 180],
		[64, "U2_4", 354.33, 590, "B", "SMD", "U2_4", "", "R", 118.11, 65, 0, 180],
		[65, "U2_5", 354.33, 490, "B", "SMD", "U2_5", "", "R", 118.11, 65, 0, 180],
		[66, "U2_6", 354.33, 390, "B", "SMD", "$2N8804", "", "R", 118.11, 65, 0, 180],
		[67, "U2_7", 354.33, 290, "B", "SMD", "U2_7", "", "R", 118.11, 65, 0, 180],
		[68, "U2_8", 354.33, 190, "B", "SMD", "U2_8", "", "R", 118.11, 65, 0, 180],
		[69, "U2_9", -354.33, 190, "B", "SMD", "$2N3084", "", "R", 118.11, 65, 0, 180],
		[70, "U2_10", -354.33, 290, "B", "SMD", "$2N2150", "", "R", 118.11, 65, 0, 180],
		[71, "U2_11", -354.33, 390, "B", "SMD", "$2N2124", "", "R", 118.11, 65, 0, 180],
		[72, "U2_12", -354.33, 490, "B", "SMD", "$2N2505", "", "R", 118.11, 65, 0, 180],
		[73, "U2_13", -354.33, 590, "B", "SMD", "$2N2511", "", "R", 118.11, 65, 0, 180],
		[74, "U2_14", -354.33, 690, "B", "SMD", "VCC", "", "R", 118.11, 65, 0, 180],
		[75, "U2_15", -354.33, 790, "B", "SMD", "GND", "GND", "R", 118.11, 65, 0, 180],
		[76, "U2_16", -354.33, 890, "B", "SMD", "U2_16", "", "R", 118.11, 65, 0, 180],
		[77, "PAD1_2", -788.23, -540.04, "T", "SMD", "GND", "GND", "R", 86.61, 31.5, 0, 30],
		[78, "PAD2_2", -763.62, -582.64, "T", "SMD", "$2N2505", "", "R", 86.61, 31.5, 0, 30],
		[79, "PAD3_2", -812.83, -497.44, "T", "SMD", "$2N2124", "", "R", 86.61, 31.5, 0, 30],
		[80, "PAD4_2", -837.44, -454.84, "T", "SMD", "$2N2150", "", "R", 86.61, 31.5, 0, 30],
		[81, "PAD5_2", -862.05, -412.24, "T", "SMD", "$2N2511", "", "R", 86.61, 31.5, 0, 30],
		[82, "PAD6_2", -886.65, -369.65, "T", "SMD", "$2N2545", "", "R", 86.61, 31.5, 0, 30]
	]
}
}